{
  "generated": "2026-02-28 23:31:10",
  "duration": 105.01951575279236,
  "start_time": 1772321365.4504929,
  "bytes_sent": 6356991,
  "bytes_recv": 6684998,
  "total_bytes": 13041989,
  "packets_sent": 23254,
  "packets_recv": 24014,
  "total_packets": 47268,
  "errors_in": 0,
  "errors_out": 0,
  "drops_in": 0,
  "bandwidth_kbps": 993.4906979155996,
  "peak_kbps_up": 3737.475175802617,
  "peak_kbps_dn": 3792.0849719985913,
  "avg_pps": 603.9445187052264,
  "protocols": {
    "TCP": 452
  },
  "port_protocols": {
    "HTTPS/TLS": 272,
    "Registered:9977": 41,
    "Registered:33654": 2,
    "Registered:24924": 41,
    "Registered:32938": 4,
    "Registered:32966": 3,
    "Registered:35072": 4,
    "Registered:39854": 3,
    "Registered:41246": 28,
    "Registered:39862": 2,
    "Ephemeral": 38,
    "Registered:37958": 4,
    "Registered:40160": 4,
    "Registered:38820": 2,
    "Registered:33350": 2,
    "Registered:38668": 2
  },
  "connection_states": {
    "ESTABLISHED": 250,
    "TIME_WAIT": 148,
    "LAST_ACK": 2,
    "SYN_RECV": 50,
    "SYN_SENT": 1,
    "FIN_WAIT1": 1
  },
  "dc_connections": {
    "2001:67c:4e8:f004::9": "DC4 🇳🇱 Netherlands  [IPv6]",
    "91.108.56.130": "DC5 🇸🇬 Singapore"
  },
  "unique_connections": 23,
  "new_connections": [
    "170.64.167.249:57918",
    "106.219.159.168:9977",
    "157.245.64.200:52500",
    "170.64.167.249:57934",
    "170.64.167.249:60710",
    "170.64.167.249:39862",
    "91.108.56.130:443",
    "170.64.167.249:39854",
    "170.64.167.249:38820",
    "137.184.146.30:40160",
    "51.158.205.203:61000",
    "106.219.159.168:24924",
    "134.199.156.127:33350",
    "170.64.167.249:33654",
    "159.203.113.235:37958",
    "165.232.185.182:54550",
    "2001:67c:4e8:f004::9:443",
    "170.64.167.249:53518",
    "170.64.167.249:32938",
    "157.180.75.215:41246",
    "170.64.168.124:35072",
    "170.64.167.249:32966",
    "170.64.168.124:38668"
  ],
  "dropped_connections": [
    "165.232.185.182:54550",
    "170.64.167.249:39854",
    "170.64.167.249:57918",
    "157.245.64.200:52500",
    "170.64.167.249:53518",
    "170.64.167.249:57934",
    "170.64.167.249:32938",
    "170.64.167.249:60710",
    "170.64.167.249:38820",
    "170.64.168.124:35072",
    "170.64.167.249:32966",
    "137.184.146.30:40160",
    "134.199.156.127:33350",
    "170.64.167.249:33654",
    "159.203.113.235:37958",
    "170.64.167.249:39862"
  ],
  "total_snapshots": 41,
  "bw_series": [
    {
      "time_offset": 0.011049509048461914,
      "kbps_up": 0.0,
      "kbps_dn": 0.0,
      "pps_up": 0.0,
      "pps_dn": 0.0
    },
    {
      "time_offset": 2.023240327835083,
      "kbps_up": 29.194050311502487,
      "kbps_dn": 47.89605394289397,
      "pps_up": 18.387918111221435,
      "pps_dn": 18.387918111221435
    },
    {
      "time_offset": 2.7372586727142334,
      "kbps_up": 40.626407161723115,
      "kbps_dn": 72.18862144042527,
      "pps_up": 29.411009045648974,
      "pps_dn": 35.01310600672497
    },
    {
      "time_offset": 4.031766891479492,
      "kbps_up": 5.2097004115065655,
      "kbps_dn": 49.27894552948204,
      "pps_up": 3.86247064910036,
      "pps_dn": 18.53985911568173
    },
    {
      "time_offset": 4.7503767013549805,
      "kbps_up": 5.610833507405938,
      "kbps_dn": 58.81355837227296,
      "pps_up": 5.566303082743985,
      "pps_dn": 19.48206078960395
    },
    {
      "time_offset": 6.0398688316345215,
      "kbps_up": 31.739627593638335,
      "kbps_dn": 74.65264637104184,
      "pps_up": 20.93847598290254,
      "pps_dn": 31.01996441911487
    },
    {
      "time_offset": 8.04802918434143,
      "kbps_up": 44.259413786450764,
      "kbps_dn": 62.33366764325788,
      "pps_up": 25.396378297805906,
      "pps_dn": 28.384187509312483
    },
    {
      "time_offset": 10.056832790374756,
      "kbps_up": 35.96966860422955,
      "kbps_dn": 54.86250605534392,
      "pps_up": 21.405775990670264,
      "pps_dn": 27.379480918299176
    },
    {
      "time_offset": 11.045836687088013,
      "kbps_up": 57.55285716179831,
      "kbps_dn": 121.65776130898756,
      "pps_up": 40.44473447772193,
      "pps_dn": 44.48920792549413
    },
    {
      "time_offset": 12.067477464675903,
      "kbps_up": 24.650543079789557,
      "kbps_dn": 71.95484128341367,
      "pps_up": 15.661082007490188,
      "pps_dn": 32.30098164044851
    },
    {
      "time_offset": 14.058809041976929,
      "kbps_up": 3.446939765452423,
      "kbps_dn": 53.28293952120686,
      "pps_up": 4.017412314047113,
      "pps_dn": 17.57617887395612
    },
    {
      "time_offset": 14.076874017715454,
      "kbps_up": 180.23827140029036,
      "kbps_dn": 142.15352609212087,
      "pps_up": 110.71146891909727,
      "pps_dn": 55.355734459548636
    },
    {
      "time_offset": 16.085106134414673,
      "kbps_up": 29.283467538930868,
      "kbps_dn": 50.07787653814446,
      "pps_up": 19.918016282771642,
      "pps_dn": 24.39956994639526
    },
    {
      "time_offset": 18.072152137756348,
      "kbps_up": 39.49984040027477,
      "kbps_dn": 59.50139040624409,
      "pps_up": 24.659720971530216,
      "pps_dn": 31.705355534824566
    },
    {
      "time_offset": 18.09390950202942,
      "kbps_up": 149.65047967827124,
      "kbps_dn": 36.76915962611087,
      "pps_up": 91.92289906527718,
      "pps_dn": 45.96144953263859
    },
    {
      "time_offset": 20.102323532104492,
      "kbps_up": 4.4811477440553364,
      "kbps_dn": 57.028082001457996,
      "pps_up": 4.481147744055336,
      "pps_dn": 21.409928110486604
    },
    {
      "time_offset": 21.08331322669983,
      "kbps_up": 9.492454458291986,
      "kbps_dn": 47.53566755789002,
      "pps_up": 9.174408303761584,
      "pps_dn": 19.368195307941125
    },
    {
      "time_offset": 22.11086678504944,
      "kbps_up": 50.481066975538944,
      "kbps_dn": 73.80637182728397,
      "pps_up": 30.168743758515333,
      "pps_dn": 38.92741130131011
    },
    {
      "time_offset": 24.119178771972656,
      "kbps_up": 29.29425327492669,
      "kbps_dn": 65.22890908035417,
      "pps_up": 19.91722414667303,
      "pps_dn": 32.36548923834367
    },
    {
      "time_offset": 25.094368934631348,
      "kbps_up": 31.386698894246898,
      "kbps_dn": 86.32572725147938,
      "pps_up": 21.53426152571827,
      "pps_dn": 36.91587690123132
    },
    {
      "time_offset": 26.12705707550049,
      "kbps_up": 5.934027667677578,
      "kbps_dn": 79.11003987248488,
      "pps_up": 4.841732757569825,
      "pps_dn": 28.082049993904985
    },
    {
      "time_offset": 28.134998559951782,
      "kbps_up": 14.805212318288104,
      "kbps_dn": 77.85485842617541,
      "pps_up": 11.454517065413967,
      "pps_dn": 32.86948375292704
    },
    {
      "time_offset": 29.255043745040894,
      "kbps_up": 37.184214132116885,
      "kbps_dn": 132.37323098550175,
      "pps_up": 21.427706952814184,
      "pps_dn": 36.605666044390894
    },
    {
      "time_offset": 30.143256425857544,
      "kbps_up": 14.564079391555453,
      "kbps_dn": 3.5667133203809276,
      "pps_up": 4.503425909571878,
      "pps_dn": 4.503425909571878
    },
    {
      "time_offset": 32.15198254585266,
      "kbps_up": 20.219779887214653,
      "kbps_dn": 19.188280381445775,
      "pps_up": 11.947870723191642,
      "pps_dn": 12.943526616790944
    },
    {
      "time_offset": 34.16277551651001,
      "kbps_up": 20.19103935236428,
      "kbps_dn": 12.134516261026809,
      "pps_up": 8.951692323708302,
      "pps_dn": 9.449008563914319
    },
    {
      "time_offset": 36.173731327056885,
      "kbps_up": 25.02292677744897,
      "kbps_dn": 52.34525763715001,
      "pps_up": 19.393762804461645,
      "pps_dn": 18.399210865771302
    },
    {
      "time_offset": 36.93887662887573,
      "kbps_up": 39.678738048616935,
      "kbps_dn": 83.5919659285092,
      "pps_up": 24.831884813034314,
      "pps_dn": 39.20823917847523
    },
    {
      "time_offset": 38.182939291000366,
      "kbps_up": 8.546193309782698,