{
  "generated": "2026-02-28 22:59:01",
  "duration": 106.44097566604614,
  "start_time": 1772319435.228082,
  "bytes_sent": 6253157,
  "bytes_recv": 6671714,
  "total_bytes": 12924871,
  "packets_sent": 22897,
  "packets_recv": 23857,
  "total_packets": 46754,
  "errors_in": 0,
  "errors_out": 0,
  "drops_in": 0,
  "bandwidth_kbps": 971.4207085475211,
  "peak_kbps_up": 3739.709428188196,
  "peak_kbps_dn": 3809.6180967175214,
  "avg_pps": 596.6932666265976,
  "protocols": {
    "TCP": 390
  },
  "port_protocols": {
    "HTTPS/TLS": 235,
    "Registered:24924": 41,
    "Ephemeral": 34,
    "Registered:9977": 41,
    "Registered:32612": 15,
    "Registered:36714": 5,
    "Registered:44926": 4,
    "Registered:44928": 5,
    "Registered:42290": 4,
    "Registered:42302": 2,
    "Registered:42382": 3,
    "Registered:40306": 1
  },
  "connection_states": {
    "ESTABLISHED": 264,
    "TIME_WAIT": 110,
    "SYN_SENT": 2,
    "FIN_WAIT1": 2,
    "LAST_ACK": 6,
    "SYN_RECV": 6
  },
  "dc_connections": {
    "91.108.56.130": "DC5 🇸🇬 Singapore"
  },
  "unique_connections": 23,
  "new_connections": [
    "116.255.215.168:40306",
    "106.219.159.168:24924",
    "157.245.64.200:42382",
    "91.108.56.130:443",
    "2001:67c:4e8:f004::9:443",
    "116.255.215.168:44928",
    "134.199.156.127:58080",
    "91.224.92.54:32612",
    "157.245.64.200:36714",
    "116.255.215.168:55626",
    "106.219.159.168:9977",
    "170.64.168.124:57196",
    "116.255.215.168:51856",
    "116.255.215.168:51170",
    "116.255.215.168:42290",
    "116.255.215.168:44926",
    "116.255.215.168:53398",
    "116.255.215.168:53412",
    "116.255.215.168:51842",
    "116.255.215.168:42302",
    "116.255.215.168:55622",
    "116.255.215.168:51174",
    "116.255.215.168:53386"
  ],
  "dropped_connections": [
    "116.255.215.168:42290",
    "116.255.215.168:44926",
    "91.224.92.54:32612",
    "116.255.215.168:53398",
    "116.255.215.168:53412",
    "170.64.168.124:57196",
    "157.245.64.200:42382",
    "116.255.215.168:51842",
    "116.255.215.168:44928",
    "116.255.215.168:42302",
    "116.255.215.168:51856",
    "134.199.156.127:58080",
    "157.245.64.200:36714",
    "116.255.215.168:55622",
    "116.255.215.168:55626",
    "116.255.215.168:51174",
    "116.255.215.168:51170",
    "116.255.215.168:53386"
  ],
  "total_snapshots": 41,
  "bw_series": [
    {
      "time_offset": 0.009751081466674805,
      "kbps_up": 387.9072575265324,
      "kbps_dn": 0.0,
      "pps_up": 113.55598873727529,
      "pps_dn": 0.0
    },
    {
      "time_offset": 2.020673990249634,
      "kbps_up": 53.109942471458034,
      "kbps_dn": 80.15026299419213,
      "pps_up": 28.345194015665804,
      "pps_dn": 33.31803507104577
    },
    {
      "time_offset": 2.1650853157043457,
      "kbps_up": 45.42580008419941,
      "kbps_dn": 81.48945356567967,
      "pps_up": 27.698658587926467,
      "pps_dn": 34.623323234908085
    },
    {
      "time_offset": 4.029429197311401,
      "kbps_up": 18.627464784052943,
      "kbps_dn": 76.72833397918698,
      "pps_up": 11.264016369071406,
      "pps_dn": 28.96461352046933
    },
    {
      "time_offset": 4.178692817687988,
      "kbps_up": 3.5373656264525435,
      "kbps_dn": 48.34399689485143,
      "pps_up": 6.699556110705575,
      "pps_dn": 20.098668332116723
    },
    {
      "time_offset": 6.037690877914429,
      "kbps_up": 34.211977602737804,
      "kbps_dn": 81.79890192111198,
      "pps_up": 23.66866375032175,
      "pps_dn": 34.96507144933895
    },
    {
      "time_offset": 8.045514822006226,
      "kbps_up": 45.42629360925183,
      "kbps_dn": 62.36004923062893,
      "pps_up": 23.90647852429708,
      "pps_dn": 28.388943247602782
    },
    {
      "time_offset": 10.054275035858154,
      "kbps_up": 39.737943558197166,
      "kbps_dn": 113.08865957893029,
      "pps_up": 28.873530847557568,
      "pps_dn": 51.275408229283265
    },
    {
      "time_offset": 10.758291244506836,
      "kbps_up": 50.21475296407752,
      "kbps_dn": 213.81325905681885,
      "pps_up": 31.249280527543146,
      "pps_dn": 62.49856105508629
    },
    {
      "time_offset": 12.063899517059326,
      "kbps_up": 7.034269154901337,
      "kbps_dn": 84.00682065653078,
      "pps_up": 5.361485636357727,
      "pps_dn": 26.807428181788634
    },
    {
      "time_offset": 13.768333435058594,
      "kbps_up": 5.956229744545816,
      "kbps_dn": 84.26023354931951,
      "pps_up": 7.627165748531875,
      "pps_dn": 32.855483224445
    },
    {
      "time_offset": 14.07272982597351,
      "kbps_up": 66.78134369103593,
      "kbps_dn": 125.67823122020222,
      "pps_up": 29.56671060701119,
      "pps_dn": 45.992660944239624
    },
    {
      "time_offset": 16.08113980293274,
      "kbps_up": 32.953431201434206,
      "kbps_dn": 86.64764763988859,
      "pps_up": 22.40578393666958,
      "pps_dn": 37.34297322778263
    },
    {
      "time_offset": 17.778870582580566,
      "kbps_up": 30.096644657994137,
      "kbps_dn": 102.54629419872686,
      "pps_up": 20.61575393435484,
      "pps_dn": 37.10835708183871
    },
    {
      "time_offset": 18.089712619781494,
      "kbps_up": 12.173385665832672,
      "kbps_dn": 69.12835919329082,
      "pps_up": 9.651204280522732,
      "pps_dn": 22.519476654553042
    },
    {
      "time_offset": 20.097649574279785,
      "kbps_up": 7.052014241920289,
      "kbps_dn": 59.30066665352632,
      "pps_up": 7.470354069830815,
      "pps_dn": 22.909085814147833
    },
    {
      "time_offset": 20.793850660324097,
      "kbps_up": 11.502423883737393,
      "kbps_dn": 74.58764578355586,
      "pps_up": 11.490932950786606,
      "pps_dn": 34.472798852359816
    },
    {
      "time_offset": 22.105666875839233,
      "kbps_up": 41.49971570417124,
      "kbps_dn": 101.69107411712791,
      "pps_up": 25.155962862557878,
      "pps_dn": 44.213510485707786
    },
    {
      "time_offset": 24.113524913787842,
      "kbps_up": 30.041964551252754,
      "kbps_dn": 86.5081080022281,
      "pps_up": 19.423683977103074,
      "pps_dn": 36.357152059705754
    },
    {
      "time_offset": 24.8065288066864,
      "kbps_up": 43.99398085987775,
      "kbps_dn": 90.45836631277935,
      "pps_up": 24.530886729792762,
      "pps_dn": 40.40381343730573
    },
    {
      "time_offset": 26.12197470664978,
      "kbps_up": 29.647741500494803,
      "kbps_dn": 98.70417324164731,
      "pps_up": 16.724367000279116,
      "pps_dn": 38.770123500647045
    },
    {
      "time_offset": 28.13056468963623,
      "kbps_up": 6.719141345081099,
      "kbps_dn": 64.90124968470452,
      "pps_up": 6.472201947692227,
      "pps_dn": 22.901637661064804
    },
    {
      "time_offset": 28.867295503616333,
      "kbps_up": 56.90002264671417,
      "kbps_dn": 179.30022403483673,
      "pps_up": 33.933696712019426,
      "pps_dn": 46.14982752834642
    },
    {
      "time_offset": 30.13903260231018,
      "kbps_up": 5.0828115391451005,
      "kbps_dn": 4.850059030545634,
      "pps_up": 5.50428229796035,
      "pps_dn": 5.50428229796035
    },
    {
      "time_offset": 32.14718508720398,
      "kbps_up": 4.266608270264456,
      "kbps_dn": 3.9877449846262563,
      "pps_up": 3.9837612234028534,
      "pps_dn": 3.9837612234028534
    },
    {
      "time_offset": 34.154420375823975,
      "kbps_up": 14.288309976713263,
      "kbps_dn": 9.569381381893596,
      "pps_up": 9.96395395865639,
      "pps_dn": 7.971163166925111
    },
    {
      "time_offset": 36.16257095336914,
      "kbps_up": 30.6311691403114,
      "kbps_dn": 78.03797272591494,
      "pps_up": 19.918825035967874,
      "pps_dn": 24.898531294959845
    },
    {
      "time_offset": 36.361762285232544,
      "kbps_up": 30.20211745019863,
      "kbps_dn": 48.75714173476215,
      "pps_up": 25.10149389145498,
      "pps_dn": 30.121792669745975
    },
    {
      "time_offset": 38.17218041419983,
      "kbps_up": 14.723670501026938,
      "kbps_dn": 76.23874164292249,
      "pps_up": 9.390095982797792,